class,P,R,AP50,mAP50_95
button,nan,nan,nan,0.5974736823505012
text,0.8430944484712224,0.5625,0.7661411751303392,0.601620014273652
text_input,nan,nan,nan,0.5974736823505012
icon,0.515028639231385,0.7988430775020013,0.6690833333333335,0.5933273504273505
menu,nan,nan,nan,0.5974736823505012
checkbox,nan,nan,nan,0.5974736823505012
